,Connect,Database,DateCreate,DateUpdate,Flags,ForeignName,Id,Lv,LvExtra,LvModule,LvProp,Name,Owner,ParentId,RmtInfoLong,RmtInfoShort,Type
,,,16/05/2018 16:05:29,16/05/2018 16:05:29,-2147483648,,251658241,,,,,000000000000000000000000004e050001000500030000000300000000130000011300000000000000000000000000000000000000000000000000000000000000000000000000000a59060000000000000000090400001200000000000100fe010459060000040001000000090400001700000000000c000400045906000001000100000009040000130000000000000004000459060000030001000000090400001300000000000800040004590600000200010000000904000013000000000004000400140043006f006c0075006d006e004e0061006d006500120043006f006d0070006c006500780049004400260043006f006d0070006c006500780054007900700065004f0062006a0065006300740049004400220043006f006e006300650070007400750061006c005400610062006c00650049004400160046006c00610074005400610062006c0065004900440083070000040001ffff00ffff00ffff00ffff00ffff00ffff00ffff00ffff00ffff000213000014000000000000008b000000000083070000030001ffff00ffff00ffff00ffff00ffff00ffff00ffff00ffff00ffff000313000015000000000000008a000000000083070000020001ffff00ffff00ffff00ffff00ffff00ffff00ffff00ffff6cffff000413000016000000f8003c008a000000000059060000010000000100000000ffff,0000090400001300000000000800040004590600000200010000000904000013000000000004000400140043006f006c0075006d006e004e0061006d006500120043006f006d0070006c006500780049004400260043006f006d0070006c006500780054007900700065004f0062006a0065006300740049004400220043006f006e006300650070007400750061006c005400610062006c00650049004400160046006c00610074005400610062006c0065004900440083070000040001ffff00ffff00ffff00ffff00ffff00ffff00ffff00ffff00ffff000213000014000000000000008b000000000083070000030001ffff00ffff00ffff00ffff00ffff00ffff00ffff00ffff00ffff000313000015000000000000008a000000000083070000020001ffff00ffff00ffff00ffff00ffff00ffff00ffff00ffff6cffff000413000016000000f8003c008a000000000059060000010000000100000000ffffffff000000000404000000000059060000020000000200000000ffffffff000000000404000000000059060000000000000000000000ffffffff0000000004040100000000280049006400780043006f006e006300650070007400750061006c005400610062006c006500490044001c0049006400780046006c00610074005400610062006c006500490044000a0049006400780049004400ffff00,251658240,,,3
,,,16/05/2018 16:05:29,16/05/2018 16:05:29,-2147483648,,251658242,,,,,388f74950de540000000805400610062006c006500730039372e002e002e002e002e002e002e002e002e002e002c0020000b00ff00000201440d00000000b4020000590600000000000000000000010000000000000000000000000000004e050001000500030000000300000000130000011300000000000000000000000000000000000000000000000000000000000000000000000000000a59060000000000000000090400001200000000000100fe010459060000040001000000090400001700000000000c000400045906000001000100000009040000130000000000000004000459060000030001000000090400001300000000000800040004590600000200010000000904000013000000000004000400140043006f006c0075006d006e004e0061006d006500120043006f006d0070006c006500780049004400260043006f006d0070006c006500780054007900700065004f0062006a0065006300740049004400220043006f006e006300650070007400750061006c005400610062006c00650049004400160046006c00610074005400610062006c0065004900440083070000040001ffff00ffff00ffff00ffff00ffff00ffff00ffff00ffff00ffff000213000014000000000000008b000000000083070000030001ffff00ffff00ffff00ffff00ffff00ffff00ffff00ffff00ffff0003130000,0000000000000000090400001200000000000100fe010459060000040001000000090400001700000000000c000400045906000001000100000009040000130000000000000004000459060000030001000000090400001300000000000800040004590600000200010000000904000013000000000004000400140043006f006c0075006d006e004e0061006d006500120043006f006d0070006c006500780049004400260043006f006d0070006c006500780054007900700065004f0062006a0065006300740049004400220043006f006e006300650070007400750061006c005400610062006c00650049004400160046006c00610074005400610062006c0065004900440083070000040001ffff00ffff00ffff00ffff00ffff00ffff00ffff00ffff00ffff000213000014000000000000008b000000000083070000030001ffff00ffff00ffff00ffff00ffff00ffff00ffff00ffff00ffff000313000015000000000000008a000000000083070000020001ffff00ffff00ffff00ffff00ffff00ffff00ffff00ffff6cffff000413000016000000f8003c008a000000000059060000010000000100000000ffffffff000000000404000000000059060000020000000200000000ffffffff000000000404000000000059060000000000000000000000ffffffff0000000004040100000000280049006400,251658240,,,3
,,,16/05/2018 16:05:29,16/05/2018 16:05:29,-2147483648,,251658243,,,,,388f74950de5406e388f74950de5400000008044006100740061006200610073006500730039373400340034003400340034003400340034003400320020000b00ff000011000100000f0000000f03006e388f74950de5406e388f74950de540000000805400610062006c006500730039372e002e002e002e002e002e002e002e002e002e002c0020000b00ff00000201440d00000000b4020000590600000000000000000000010000000000000000000000000000004e050001000500030000000300000000130000011300000000000000000000000000000000000000000000000000000000000000000000000000000a59060000000000000000090400001200000000000100fe010459060000040001000000090400001700000000000c000400045906000001000100000009040000130000000000000004000459060000030001000000090400001300000000000800040004590600000200010000000904000013000000000004000400140043006f006c0075006d006e004e0061006d006500120043006f006d0070006c006500780049004400260043006f006d0070006c006500780054007900700065004f0062006a0065006300740049004400220043006f006e006300650070007400750061006c005400610062006c00650049004400160046006c00610074005400610062006c0065004900440083,0600000000000000000000010000000000000000000000000000004e050001000500030000000300000000130000011300000000000000000000000000000000000000000000000000000000000000000000000000000a59060000000000000000090400001200000000000100fe010459060000040001000000090400001700000000000c000400045906000001000100000009040000130000000000000004000459060000030001000000090400001300000000000800040004590600000200010000000904000013000000000004000400140043006f006c0075006d006e004e0061006d006500120043006f006d0070006c006500780049004400260043006f006d0070006c006500780054007900700065004f0062006a0065006300740049004400220043006f006e006300650070007400750061006c005400610062006c00650049004400160046006c00610074005400610062006c0065004900440083070000040001ffff00ffff00ffff00ffff00ffff00ffff00ffff00ffff00ffff000213000014000000000000008b000000000083070000030001ffff00ffff00ffff00ffff00ffff00ffff00ffff00ffff00ffff000313000015000000000000008a000000000083070000020001ffff00ffff00ffff00ffff00ffff00ffff00ffff00ffff6cffff000413000016000000f8003c008a000000000059,251658240,,,3
,,,16/05/2018 16:05:29,16/05/2018 16:05:29,-2147483648,,268435456,,,,,4000000080520065006c006100740069006f006e007300680069007000730039373c003c003c003c003c003c003c003c003c003c003a0020000b00ff000011000200000f0000000f03006e388f74950de5406e388f74950de5400000008044006100740061006200610073006500730039373400340034003400340034003400340034003400320020000b00ff000011000100000f0000000f03006e388f74950de5406e388f74950de540000000805400610062006c006500730039372e002e002e002e002e002e002e002e002e002e002c0020000b00ff00000201440d00000000b4020000590600000000000000000000010000000000000000000000000000004e050001000500030000000300000000130000011300000000000000000000000000000000000000000000000000000000000000000000000000000a59060000000000000000090400001200000000000100fe010459060000040001000000090400001700000000000c000400045906000001000100000009040000130000000000000004000459060000030001000000090400001300000000000800040004590600000200010000000904000013000000000004000400140043006f006c0075006d006e004e0061006d006500120043006f006d0070006c006500780049004400260043006f006d0070006c006500780054007900700065004f00,388f74950de5406e388f74950de540000000805400610062006c006500730039372e002e002e002e002e002e002e002e002e002e002c0020000b00ff00000201440d00000000b4020000590600000000000000000000010000000000000000000000000000004e050001000500030000000300000000130000011300000000000000000000000000000000000000000000000000000000000000000000000000000a59060000000000000000090400001200000000000100fe010459060000040001000000090400001700000000000c000400045906000001000100000009040000130000000000000004000459060000030001000000090400001300000000000800040004590600000200010000000904000013000000000004000400140043006f006c0075006d006e004e0061006d006500120043006f006d0070006c006500780049004400260043006f006d0070006c006500780054007900700065004f0062006a0065006300740049004400220043006f006e006300650070007400750061006c005400610062006c00650049004400160046006c00610074005400610062006c0065004900440083070000040001ffff00ffff00ffff00ffff00ffff00ffff00ffff00ffff00ffff000213000014000000000000008b000000000083070000030001ffff00ffff00ffff00ffff00ffff00ffff00ffff00ffff,251658242,,,2
,,,16/05/2018 16:05:29,16/05/2018 16:05:29,-2147483648,,2,,,,,0de5406e388f74950de540000000804d005300790073004400620038352e002e002e002e002e002e002e002e002e002e002c0020000b00ff000011000300000f0000000f03006e388f74950de5406e388f74950de54000000080520065006c006100740069006f006e007300680069007000730039373c003c003c003c003c003c003c003c003c003c003a0020000b00ff000011000200000f0000000f03006e388f74950de5406e388f74950de5400000008044006100740061006200610073006500730039373400340034003400340034003400340034003400320020000b00ff000011000100000f0000000f03006e388f74950de5406e388f74950de540000000805400610062006c006500730039372e002e002e002e002e002e002e002e002e002e002c0020000b00ff00000201440d00000000b4020000590600000000000000000000010000000000000000000000000000004e050001000500030000000300000000130000011300000000000000000000000000000000000000000000000000000000000000000000000000000a59060000000000000000090400001200000000000100fe010459060000040001000000090400001700000000000c00040004590600000100010000000904000013000000000000000400045906000003000100000009040000130000000000080004000459060000020001,0f03006e388f74950de5406e388f74950de5400000008044006100740061006200610073006500730039373400340034003400340034003400340034003400320020000b00ff000011000100000f0000000f03006e388f74950de5406e388f74950de540000000805400610062006c006500730039372e002e002e002e002e002e002e002e002e002e002c0020000b00ff00000201440d00000000b4020000590600000000000000000000010000000000000000000000000000004e050001000500030000000300000000130000011300000000000000000000000000000000000000000000000000000000000000000000000000000a59060000000000000000090400001200000000000100fe010459060000040001000000090400001700000000000c000400045906000001000100000009040000130000000000000004000459060000030001000000090400001300000000000800040004590600000200010000000904000013000000000004000400140043006f006c0075006d006e004e0061006d006500120043006f006d0070006c006500780049004400260043006f006d0070006c006500780054007900700065004f0062006a0065006300740049004400220043006f006e006300650070007400750061006c005400610062006c00650049004400160046006c00610074005400610062006c00650049,251658241,,,1
,,,16/05/2018 16:05:29,16/05/2018 16:05:29,-2147483648,,3,,,,,74950de540000000804d005300790073004f0062006a00650063007400730039373800380038003800380038003800380038003800360020000b00ff00001100000000100200000f02006e388f74950de5406e388f74950de540000000804d005300790073004400620038352e002e002e002e002e002e002e002e002e002e002c0020000b00ff000011000300000f0000000f03006e388f74950de5406e388f74950de54000000080520065006c006100740069006f006e007300680069007000730039373c003c003c003c003c003c003c003c003c003c003a0020000b00ff000011000200000f0000000f03006e388f74950de5406e388f74950de5400000008044006100740061006200610073006500730039373400340034003400340034003400340034003400320020000b00ff000011000100000f0000000f03006e388f74950de5406e388f74950de540000000805400610062006c006500730039372e002e002e002e002e002e002e002e002e002e002c0020000b00ff00000201440d00000000b4020000590600000000000000000000010000000000000000000000000000004e050001000500030000000300000000130000011300000000000000000000000000000000000000000000000000000000000000000000000000000a59060000000000000000090400001200000000000100fe0104590600,406e388f74950de54000000080520065006c006100740069006f006e007300680069007000730039373c003c003c003c003c003c003c003c003c003c003a0020000b00ff000011000200000f0000000f03006e388f74950de5406e388f74950de5400000008044006100740061006200610073006500730039373400340034003400340034003400340034003400320020000b00ff000011000100000f0000000f03006e388f74950de5406e388f74950de540000000805400610062006c006500730039372e002e002e002e002e002e002e002e002e002e002c0020000b00ff00000201440d00000000b4020000590600000000000000000000010000000000000000000000000000004e050001000500030000000300000000130000011300000000000000000000000000000000000000000000000000000000000000000000000000000a59060000000000000000090400001200000000000100fe010459060000040001000000090400001700000000000c000400045906000001000100000009040000130000000000000004000459060000030001000000090400001300000000000800040004590600000200010000000904000013000000000004000400140043006f006c0075006d006e004e0061006d006500120043006f006d0070006c006500780049004400260043006f006d0070006c00650078005400,251658241,,,1
,,,16/05/2018 16:05:29,16/05/2018 16:05:29,-2147483648,,4,,,,,0de5406e388f74950de540000000804d00530079007300410043004500730039373200320032003200320032003200320032003200300020000b00ff00001100020000000100000f01006e388f74950de5406e388f74950de540000000804d005300790073004f0062006a00650063007400730039373800380038003800380038003800380038003800360020000b00ff00001100000000100200000f02006e388f74950de5406e388f74950de540000000804d005300790073004400620038352e002e002e002e002e002e002e002e002e002e002c0020000b00ff000011000300000f0000000f03006e388f74950de5406e388f74950de54000000080520065006c006100740069006f006e007300680069007000730039373c003c003c003c003c003c003c003c003c003c003a0020000b00ff000011000200000f0000000f03006e388f74950de5406e388f74950de5400000008044006100740061006200610073006500730039373400340034003400340034003400340034003400320020000b00ff000011000100000f0000000f03006e388f74950de5406e388f74950de540000000805400610062006c006500730039372e002e002e002e002e002e002e002e002e002e002c0020000b00ff00000201440d00000000b4020000590600000000000000000000010000000000000000000000000000004e0500,0f02006e388f74950de5406e388f74950de540000000804d005300790073004400620038352e002e002e002e002e002e002e002e002e002e002c0020000b00ff000011000300000f0000000f03006e388f74950de5406e388f74950de54000000080520065006c006100740069006f006e007300680069007000730039373c003c003c003c003c003c003c003c003c003c003a0020000b00ff000011000200000f0000000f03006e388f74950de5406e388f74950de5400000008044006100740061006200610073006500730039373400340034003400340034003400340034003400320020000b00ff000011000100000f0000000f03006e388f74950de5406e388f74950de540000000805400610062006c006500730039372e002e002e002e002e002e002e002e002e002e002c0020000b00ff00000201440d00000000b4020000590600000000000000000000010000000000000000000000000000004e050001000500030000000300000000130000011300000000000000000000000000000000000000000000000000000000000000000000000000000a59060000000000000000090400001200000000000100fe010459060000040001000000090400001700000000000c0004000459060000010001000000090400001300000000000000040004590600000300010000000904000013000000000008000400,251658241,,,1
,,,16/05/2018 16:05:29,16/05/2018 16:05:29,-2147483648,,5,,,,,000100000f01006e388f74950de5406e388f74950de540000000804d00530079007300510075006500720069006500730039373800380038003800380038003800380038003800360020000b00ff00001100030000000100000f01006e388f74950de5406e388f74950de540000000804d00530079007300410043004500730039373200320032003200320032003200320032003200300020000b00ff00001100020000000100000f01006e388f74950de5406e388f74950de540000000804d005300790073004f0062006a00650063007400730039373800380038003800380038003800380038003800360020000b00ff00001100000000100200000f02006e388f74950de5406e388f74950de540000000804d005300790073004400620038352e002e002e002e002e002e002e002e002e002e002c0020000b00ff000011000300000f0000000f03006e388f74950de5406e388f74950de54000000080520065006c006100740069006f006e007300680069007000730039373c003c003c003c003c003c003c003c003c003c003a0020000b00ff000011000200000f0000000f03006e388f74950de5406e388f74950de5400000008044006100740061006200610073006500730039373400340034003400340034003400340034003400320020000b00ff000011000100000f0000000f03006e388f74950de5406e,ff00001100020000000100000f01006e388f74950de5406e388f74950de540000000804d005300790073004f0062006a00650063007400730039373800380038003800380038003800380038003800360020000b00ff00001100000000100200000f02006e388f74950de5406e388f74950de540000000804d005300790073004400620038352e002e002e002e002e002e002e002e002e002e002c0020000b00ff000011000300000f0000000f03006e388f74950de5406e388f74950de54000000080520065006c006100740069006f006e007300680069007000730039373c003c003c003c003c003c003c003c003c003c003a0020000b00ff000011000200000f0000000f03006e388f74950de5406e388f74950de5400000008044006100740061006200610073006500730039373400340034003400340034003400340034003400320020000b00ff000011000100000f0000000f03006e388f74950de5406e388f74950de540000000805400610062006c006500730039372e002e002e002e002e002e002e002e002e002e002c0020000b00ff00000201440d00000000b4020000590600000000000000000000010000000000000000000000000000004e050001000500030000000300000000130000011300000000000000000000000000000000000000000000000000000000000000000000000000000a5906,251658241,,,1
,,,16/05/2018 16:05:29,16/05/2018 16:05:29,-2147483648,,18,,,,,000100000f01006e388f74950de5406e388f74950de540000000804d00530079007300520065006c006100740069006f006e007300680069007000730039374400440044004400440044004400440044004400420020000b00ff00001100040000000100000f01006e388f74950de5406e388f74950de540000000804d00530079007300510075006500720069006500730039373800380038003800380038003800380038003800360020000b00ff00001100030000000100000f01006e388f74950de5406e388f74950de540000000804d00530079007300410043004500730039373200320032003200320032003200320032003200300020000b00ff00001100020000000100000f01006e388f74950de5406e388f74950de540000000804d005300790073004f0062006a00650063007400730039373800380038003800380038003800380038003800360020000b00ff00001100000000100200000f02006e388f74950de5406e388f74950de540000000804d005300790073004400620038352e002e002e002e002e002e002e002e002e002e002c0020000b00ff000011000300000f0000000f03006e388f74950de5406e388f74950de54000000080520065006c006100740069006f006e007300680069007000730039373c003c003c003c003c003c003c003c003c003c003a0020000b00ff00001100020000,,251658241,,,1
,,,16/05/2018 16:05:29,16/05/2018 16:05:29,-2147287040,,23,,,,,580058005800580020000b00bf00001100120000000100000f01006e388f74950de5406e388f74950de540000000804d0053007900730043006f006d0070006c006500780043006f006c0075006d006e0073004400440044004400440044004400440044004400440020000b00bf00001100050000000100000f01006e388f74950de5406e388f74950de540000000804d00530079007300520065006c006100740069006f006e007300680069007000730039374400440044004400440044004400440044004400420020000b00ff00001100040000000100000f01006e388f74950de5406e388f74950de540000000804d00530079007300510075006500720069006500730039373800380038003800380038003800380038003800360020000b00ff00001100030000000100000f01006e388f74950de5406e388f74950de540000000804d00530079007300410043004500730039373200320032003200320032003200320032003200300020000b00ff00001100020000000100000f01006e388f74950de5406e388f74950de540000000804d005300790073004f0062006a00650063007400730039373800380038003800380038003800380038003800360020000b00ff00001100000000100200000f02006e388f74950de5406e388f74950de540000000804d005300790073004400620038352e002e002e00,,251658241,,,1
,,,16/05/2018 16:05:29,16/05/2018 16:05:29,-2147287040,,25,,,,,001100170000000100000f01006e388f74950de5406f388f74950de540000003804d0053007900730043006f006d0070006c006500780054007900700065005f0055006e007300690067006e006500640042007900740065005800580058005800580058005800580058005800580020000b00bf00001100120000000100000f01006e388f74950de5406e388f74950de540000000804d0053007900730043006f006d0070006c006500780043006f006c0075006d006e0073004400440044004400440044004400440044004400440020000b00bf00001100050000000100000f01006e388f74950de5406e388f74950de540000000804d00530079007300520065006c006100740069006f006e007300680069007000730039374400440044004400440044004400440044004400420020000b00ff00001100040000000100000f01006e388f74950de5406e388f74950de540000000804d00530079007300510075006500720069006500730039373800380038003800380038003800380038003800360020000b00ff00001100030000000100000f01006e388f74950de5406e388f74950de540000000804d00530079007300410043004500730039373200320032003200320032003200320032003200300020000b00ff00001100020000000100000f01006e388f74950de5406e388f74950de540000000804d00,,251658241,,,1
,,,16/05/2018 16:05:29,16/05/2018 16:05:29,-2147287040,,27,,,,,00190000000100000f01006e388f74950de5406f388f74950de540000003804d0053007900730043006f006d0070006c006500780054007900700065005f00530068006f00720074004a004a004a004a004a004a004a004a004a004a004a0020000b00bf00001100170000000100000f01006e388f74950de5406f388f74950de540000003804d0053007900730043006f006d0070006c006500780054007900700065005f0055006e007300690067006e006500640042007900740065005800580058005800580058005800580058005800580020000b00bf00001100120000000100000f01006e388f74950de5406e388f74950de540000000804d0053007900730043006f006d0070006c006500780043006f006c0075006d006e0073004400440044004400440044004400440044004400440020000b00bf00001100050000000100000f01006e388f74950de5406e388f74950de540000000804d00530079007300520065006c006100740069006f006e007300680069007000730039374400440044004400440044004400440044004400420020000b00ff00001100040000000100000f01006e388f74950de5406e388f74950de540000000804d00530079007300510075006500720069006500730039373800380038003800380038003800380038003800360020000b00ff00001100030000000100000f0100,,251658241,,,1
,,,16/05/2018 16:05:29,16/05/2018 16:05:29,-2147287040,,29,,,,,5400540020000b00bf000011001b0000000100000f01006e388f74950de5406f388f74950de540000003804d0053007900730043006f006d0070006c006500780054007900700065005f004c006f006e0067004800480048004800480048004800480048004800480020000b00bf00001100190000000100000f01006e388f74950de5406f388f74950de540000003804d0053007900730043006f006d0070006c006500780054007900700065005f00530068006f00720074004a004a004a004a004a004a004a004a004a004a004a0020000b00bf00001100170000000100000f01006e388f74950de5406f388f74950de540000003804d0053007900730043006f006d0070006c006500780054007900700065005f0055006e007300690067006e006500640042007900740065005800580058005800580058005800580058005800580020000b00bf00001100120000000100000f01006e388f74950de5406e388f74950de540000000804d0053007900730043006f006d0070006c006500780043006f006c0075006d006e0073004400440044004400440044004400440044004400440020000b00bf00001100050000000100000f01006e388f74950de5406e388f74950de540000000804d00530079007300520065006c006100740069006f006e0073006800690070007300393744004400440044004400440044,,251658241,,,1
,,,16/05/2018 16:05:29,16/05/2018 16:05:29,-2147287040,,31,,,,,5400540020000b00bf000011001d0000000100000f01006e388f74950de5406f388f74950de540000003804d0053007900730043006f006d0070006c006500780054007900700065005f004900450045004500530069006e0067006c0065005400540054005400540054005400540054005400540020000b00bf000011001b0000000100000f01006e388f74950de5406f388f74950de540000003804d0053007900730043006f006d0070006c006500780054007900700065005f004c006f006e0067004800480048004800480048004800480048004800480020000b00bf00001100190000000100000f01006e388f74950de5406f388f74950de540000003804d0053007900730043006f006d0070006c006500780054007900700065005f00530068006f00720074004a004a004a004a004a004a004a004a004a004a004a0020000b00bf00001100170000000100000f01006e388f74950de5406f388f74950de540000003804d0053007900730043006f006d0070006c006500780054007900700065005f0055006e007300690067006e006500640042007900740065005800580058005800580058005800580058005800580020000b00bf00001100120000000100000f01006e388f74950de5406e388f74950de540000000804d0053007900730043006f006d0070006c006500780043006f006c0075006d006e,,251658241,,,1
,,,16/05/2018 16:05:29,16/05/2018 16:05:29,-2147287040,,33,,,,,001f0000000100000f01006e388f74950de5406f388f74950de540000003804d0053007900730043006f006d0070006c006500780054007900700065005f00490045004500450044006f00750062006c0065005400540054005400540054005400540054005400540020000b00bf000011001d0000000100000f01006e388f74950de5406f388f74950de540000003804d0053007900730043006f006d0070006c006500780054007900700065005f004900450045004500530069006e0067006c0065005400540054005400540054005400540054005400540020000b00bf000011001b0000000100000f01006e388f74950de5406f388f74950de540000003804d0053007900730043006f006d0070006c006500780054007900700065005f004c006f006e0067004800480048004800480048004800480048004800480020000b00bf00001100190000000100000f01006e388f74950de5406f388f74950de540000003804d0053007900730043006f006d0070006c006500780054007900700065005f00530068006f00720074004a004a004a004a004a004a004a004a004a004a004a0020000b00bf00001100170000000100000f01006e388f74950de5406f388f74950de540000003804d0053007900730043006f006d0070006c006500780054007900700065005f0055006e007300690067006e006500640042,,251658241,,,1
,,,16/05/2018 16:05:29,16/05/2018 16:05:29,-2147287040,,35,,,,,0b00bf00001100210000000100000f01006e388f74950de5406f388f74950de540000003804d0053007900730043006f006d0070006c006500780054007900700065005f0047005500490044004800480048004800480048004800480048004800480020000b00bf000011001f0000000100000f01006e388f74950de5406f388f74950de540000003804d0053007900730043006f006d0070006c006500780054007900700065005f00490045004500450044006f00750062006c0065005400540054005400540054005400540054005400540020000b00bf000011001d0000000100000f01006e388f74950de5406f388f74950de540000003804d0053007900730043006f006d0070006c006500780054007900700065005f004900450045004500530069006e0067006c0065005400540054005400540054005400540054005400540020000b00bf000011001b0000000100000f01006e388f74950de5406f388f74950de540000003804d0053007900730043006f006d0070006c006500780054007900700065005f004c006f006e0067004800480048004800480048004800480048004800480020000b00bf00001100190000000100000f01006e388f74950de5406f388f74950de540000003804d0053007900730043006f006d0070006c006500780054007900700065005f00530068006f00720074004a004a,,251658241,,,1
,,,16/05/2018 16:05:29,16/05/2018 16:05:29,-2147287040,,37,,,,,00230000000100000f01006e388f74950de5406f388f74950de540000003804d0053007900730043006f006d0070006c006500780054007900700065005f0044006500630069006d0061006c004e004e004e004e004e004e004e004e004e004e004e0020000b00bf00001100210000000100000f01006e388f74950de5406f388f74950de540000003804d0053007900730043006f006d0070006c006500780054007900700065005f0047005500490044004800480048004800480048004800480048004800480020000b00bf000011001f0000000100000f01006e388f74950de5406f388f74950de540000003804d0053007900730043006f006d0070006c006500780054007900700065005f00490045004500450044006f00750062006c0065005400540054005400540054005400540054005400540020000b00bf000011001d0000000100000f01006e388f74950de5406f388f74950de540000003804d0053007900730043006f006d0070006c006500780054007900700065005f004900450045004500530069006e0067006c0065005400540054005400540054005400540054005400540020000b00bf000011001b0000000100000f01006e388f74950de5406f388f74950de540000003804d0053007900730043006f006d0070006c006500780054007900700065005f004c006f006e0067004800480048,,251658241,,,1
,,,16/05/2018 16:05:29,16/05/2018 16:05:29,-2147287040,,39,,,,,5400540020000b00bf00001100250000000100000f01006e388f74950de5406f388f74950de540000003804d0053007900730043006f006d0070006c006500780054007900700065005f0054006500780074004800480048004800480048004800480048004800480020000b00bf00001100230000000100000f01006e388f74950de5406f388f74950de540000003804d0053007900730043006f006d0070006c006500780054007900700065005f0044006500630069006d0061006c004e004e004e004e004e004e004e004e004e004e004e0020000b00bf00001100210000000100000f01006e388f74950de5406f388f74950de540000003804d0053007900730043006f006d0070006c006500780054007900700065005f0047005500490044004800480048004800480048004800480048004800480020000b00bf000011001f0000000100000f01006e388f74950de5406f388f74950de540000003804d0053007900730043006f006d0070006c006500780054007900700065005f00490045004500450044006f00750062006c0065005400540054005400540054005400540054005400540020000b00bf000011001d0000000100000f01006e388f74950de5406f388f74950de540000003804d0053007900730043006f006d0070006c006500780054007900700065005f004900450045004500530069006e,,251658241,,,1
,,,16/05/2018 16:05:29,16/05/2018 16:05:29,0,,42,,,,,0f01006e388f74950de5406e388f74950de540000003804d0053007900730043006f006d0070006c006500780054007900700065005f004100740074006100630068006d0065006e0074005400540054005400540054005400540054005400540020000b00bf00001100250000000100000f01006e388f74950de5406f388f74950de540000003804d0053007900730043006f006d0070006c006500780054007900700065005f0054006500780074004800480048004800480048004800480048004800480020000b00bf00001100230000000100000f01006e388f74950de5406f388f74950de540000003804d0053007900730043006f006d0070006c006500780054007900700065005f0044006500630069006d0061006c004e004e004e004e004e004e004e004e004e004e004e0020000b00bf00001100210000000100000f01006e388f74950de5406f388f74950de540000003804d0053007900730043006f006d0070006c006500780054007900700065005f0047005500490044004800480048004800480048004800480048004800480020000b00bf000011001f0000000100000f01006e388f74950de5406f388f74950de540000003804d0053007900730043006f006d0070006c006500780054007900700065005f00490045004500450044006f00750062006c00650054005400540054005400540054,780054007900700065005f0054006500780074004800480048004800480048004800480048004800480020000b00bf00001100230000000100000f01006e388f74950de5406f388f74950de540000003804d0053007900730043006f006d0070006c006500780054007900700065005f0044006500630069006d0061006c004e004e004e004e004e004e004e004e004e004e004e0020000b00bf00001100210000000100000f01006e388f74950de5406f388f74950de540000003804d0053007900730043006f006d0070006c006500780054007900700065005f0047005500490044004800480048004800480048004800480048004800480020000b00bf000011001f0000000100000f01006e388f74950de5406f388f74950de540000003804d0053007900730043006f006d0070006c006500780054007900700065005f00490045004500450044006f00750062006c0065005400540054005400540054005400540054005400540020000b00bf000011001d0000000100000f01006e388f74950de5406f388f74950de540000003804d0053007900730043006f006d0070006c006500780054007900700065005f004900450045004500530069006e0067006c0065005400540054005400540054005400540054005400540020000b00bf000011001b0000000100000f01006e388f74950de5406f388f74950de5,251658241,,,1
,,,16/05/2018 16:05:29,16/05/2018 16:05:29,0,,45,,,,,74950de5400000000043006100630068006500500072006f007000650072007400690065007300383540004000400040004000400040004000400040003e0020000b00ff00001100270000000100000f01006e388f74950de5406e388f74950de540000003804d0053007900730043006f006d0070006c006500780054007900700065005f004100740074006100630068006d0065006e0074005400540054005400540054005400540054005400540020000b00bf00001100250000000100000f01006e388f74950de5406f388f74950de540000003804d0053007900730043006f006d0070006c006500780054007900700065005f0054006500780074004800480048004800480048004800480048004800480020000b00bf00001100230000000100000f01006e388f74950de5406f388f74950de540000003804d0053007900730043006f006d0070006c006500780054007900700065005f0044006500630069006d0061006c004e004e004e004e004e004e004e004e004e004e004e0020000b00bf00001100210000000100000f01006e388f74950de5406f388f74950de540000003804d0053007900730043006f006d0070006c006500780054007900700065005f0047005500490044004800480048004800480048004800480048004800480020000b00bf000011001f0000000100000f01006e388f74950d,540054005400540054005400540054005400540020000b00bf00001100250000000100000f01006e388f74950de5406f388f74950de540000003804d0053007900730043006f006d0070006c006500780054007900700065005f0054006500780074004800480048004800480048004800480048004800480020000b00bf00001100230000000100000f01006e388f74950de5406f388f74950de540000003804d0053007900730043006f006d0070006c006500780054007900700065005f0044006500630069006d0061006c004e004e004e004e004e004e004e004e004e004e004e0020000b00bf00001100210000000100000f01006e388f74950de5406f388f74950de540000003804d0053007900730043006f006d0070006c006500780054007900700065005f0047005500490044004800480048004800480048004800480048004800480020000b00bf000011001f0000000100000f01006e388f74950de5406f388f74950de540000003804d0053007900730043006f006d0070006c006500780054007900700065005f00490045004500450044006f00750062006c0065005400540054005400540054005400540054005400540020000b00bf000011001d0000000100000f01006e388f74950de5406f388f74950de540000003804d0053007900730043006f006d0070006c006500780054007900700065,251658241,,,1
,,,16/05/2018 16:05:29,16/05/2018 16:05:29,0,,48,,,,,406c8f8f74950de540000000005300750062006300610063006800650038353200320032003200320032003200320032003200300020000b00ff000011002a0000000100000f01006c8f8f74950de5406d8f8f74950de5400000000043006100630068006500500072006f007000650072007400690065007300383540004000400040004000400040004000400040003e0020000b00ff00001100270000000100000f01006e388f74950de5406e388f74950de540000003804d0053007900730043006f006d0070006c006500780054007900700065005f004100740074006100630068006d0065006e0074005400540054005400540054005400540054005400540020000b00bf00001100250000000100000f01006e388f74950de5406f388f74950de540000003804d0053007900730043006f006d0070006c006500780054007900700065005f0054006500780074004800480048004800480048004800480048004800480020000b00bf00001100230000000100000f01006e388f74950de5406f388f74950de540000003804d0053007900730043006f006d0070006c006500780054007900700065005f0044006500630069006d0061006c004e004e004e004e004e004e004e004e004e004e004e0020000b00bf00001100210000000100000f01006e388f74950de5406f388f74950de540000003804d005300,0000000100000f01006e388f74950de5406e388f74950de540000003804d0053007900730043006f006d0070006c006500780054007900700065005f004100740074006100630068006d0065006e0074005400540054005400540054005400540054005400540020000b00bf00001100250000000100000f01006e388f74950de5406f388f74950de540000003804d0053007900730043006f006d0070006c006500780054007900700065005f0054006500780074004800480048004800480048004800480048004800480020000b00bf00001100230000000100000f01006e388f74950de5406f388f74950de540000003804d0053007900730043006f006d0070006c006500780054007900700065005f0044006500630069006d0061006c004e004e004e004e004e004e004e004e004e004e004e0020000b00bf00001100210000000100000f01006e388f74950de5406f388f74950de540000003804d0053007900730043006f006d0070006c006500780054007900700065005f0047005500490044004800480048004800480048004800480048004800480020000b00bf000011001f0000000100000f01006e388f74950de5406f388f74950de540000003804d0053007900730043006f006d0070006c006500780054007900700065005f00490045004500450044006f00750062006c00650054005400540054,251658241,,,1
,,,16/05/2018 16:05:29,16/05/2018 16:05:29,0,,100,,,,,74950de540a2ec8f74950de540000000004d0061007300740065007200460069006c00650038353600360036003600360036003600360036003600340020000b00ff000011002d0000000100000f01006c8f8f74950de5406c8f8f74950de540000000005300750062006300610063006800650038353200320032003200320032003200320032003200300020000b00ff000011002a0000000100000f01006c8f8f74950de5406d8f8f74950de5400000000043006100630068006500500072006f007000650072007400690065007300383540004000400040004000400040004000400040003e0020000b00ff00001100270000000100000f01006e388f74950de5406e388f74950de540000003804d0053007900730043006f006d0070006c006500780054007900700065005f004100740074006100630068006d0065006e0074005400540054005400540054005400540054005400540020000b00bf00001100250000000100000f01006e388f74950de5406f388f74950de540000003804d0053007900730043006f006d0070006c006500780054007900700065005f0054006500780074004800480048004800480048004800480048004800480020000b00bf00001100230000000100000f01006e388f74950de5406f388f74950de540000003804d0053007900730043006f006d0070006c00650078005400,0f01006c8f8f74950de5406d8f8f74950de5400000000043006100630068006500500072006f007000650072007400690065007300383540004000400040004000400040004000400040003e0020000b00ff00001100270000000100000f01006e388f74950de5406e388f74950de540000003804d0053007900730043006f006d0070006c006500780054007900700065005f004100740074006100630068006d0065006e0074005400540054005400540054005400540054005400540020000b00bf00001100250000000100000f01006e388f74950de5406f388f74950de540000003804d0053007900730043006f006d0070006c006500780054007900700065005f0054006500780074004800480048004800480048004800480048004800480020000b00bf00001100230000000100000f01006e388f74950de5406f388f74950de540000003804d0053007900730043006f006d0070006c006500780054007900700065005f0044006500630069006d0061006c004e004e004e004e004e004e004e004e004e004e004e0020000b00bf00001100210000000100000f01006e388f74950de5406f388f74950de540000003804d0053007900730043006f006d0070006c006500780054007900700065005f0047005500490044004800480048004800480048004800480048004800480020000b00bf000011001f00,251658241,,,1
,,,16/05/2018 16:05:29,16/05/2018 16:05:29,0,,104,,,,,74950de540a2ec8f74950de5400000000053006500720076006500720054006100720067006500740038353a003a003a003a003a003a003a003a003a003a00380020000b00ff00001100300000000100000f01006c8f8f74950de540a2ec8f74950de540000000004d0061007300740065007200460069006c00650038353600360036003600360036003600360036003600340020000b00ff000011002d0000000100000f01006c8f8f74950de5406c8f8f74950de540000000005300750062006300610063006800650038353200320032003200320032003200320032003200300020000b00ff000011002a0000000100000f01006c8f8f74950de5406d8f8f74950de5400000000043006100630068006500500072006f007000650072007400690065007300383540004000400040004000400040004000400040003e0020000b00ff00001100270000000100000f01006e388f74950de5406e388f74950de540000003804d0053007900730043006f006d0070006c006500780054007900700065005f004100740074006100630068006d0065006e0074005400540054005400540054005400540054005400540020000b00bf00001100250000000100000f01006e388f74950de5406f388f74950de540000003804d0053007900730043006f006d0070006c006500780054007900700065005f00540065007800,002d0000000100000f01006c8f8f74950de5406c8f8f74950de540000000005300750062006300610063006800650038353200320032003200320032003200320032003200300020000b00ff000011002a0000000100000f01006c8f8f74950de5406d8f8f74950de5400000000043006100630068006500500072006f007000650072007400690065007300383540004000400040004000400040004000400040003e0020000b00ff00001100270000000100000f01006e388f74950de5406e388f74950de540000003804d0053007900730043006f006d0070006c006500780054007900700065005f004100740074006100630068006d0065006e0074005400540054005400540054005400540054005400540020000b00bf00001100250000000100000f01006e388f74950de5406f388f74950de540000003804d0053007900730043006f006d0070006c006500780054007900700065005f0054006500780074004800480048004800480048004800480048004800480020000b00bf00001100230000000100000f01006e388f74950de5406f388f74950de540000003804d0053007900730043006f006d0070006c006500780054007900700065005f0044006500630069006d0061006c004e004e004e004e004e004e004e004e004e004e004e0020000b00bf00001100210000000100000f01006e388f74950d,251658241,,,1
,,,16/05/2018 16:05:29,16/05/2018 16:05:29,0,,108,,,,,ec8f74950de540a1439074950de540000000004500760065006e00740043006c00690065006e007400730038353a003a003a003a003a003a003a003a003a003a00380020000b00ff00001100640000000100000f0100a1ec8f74950de540a2ec8f74950de5400000000053006500720076006500720054006100720067006500740038353a003a003a003a003a003a003a003a003a003a00380020000b00ff00001100300000000100000f01006c8f8f74950de540a2ec8f74950de540000000004d0061007300740065007200460069006c00650038353600360036003600360036003600360036003600340020000b00ff000011002d0000000100000f01006c8f8f74950de5406c8f8f74950de540000000005300750062006300610063006800650038353200320032003200320032003200320032003200300020000b00ff000011002a0000000100000f01006c8f8f74950de5406d8f8f74950de5400000000043006100630068006500500072006f007000650072007400690065007300383540004000400040004000400040004000400040003e0020000b00ff00001100270000000100000f01006e388f74950de5406e388f74950de540000003804d0053007900730043006f006d0070006c006500780054007900700065005f004100740074006100630068006d0065006e00740054005400540054005400,0b00ff00001100300000000100000f01006c8f8f74950de540a2ec8f74950de540000000004d0061007300740065007200460069006c00650038353600360036003600360036003600360036003600340020000b00ff000011002d0000000100000f01006c8f8f74950de5406c8f8f74950de540000000005300750062006300610063006800650038353200320032003200320032003200320032003200300020000b00ff000011002a0000000100000f01006c8f8f74950de5406d8f8f74950de5400000000043006100630068006500500072006f007000650072007400690065007300383540004000400040004000400040004000400040003e0020000b00ff00001100270000000100000f01006e388f74950de5406e388f74950de540000003804d0053007900730043006f006d0070006c006500780054007900700065005f004100740074006100630068006d0065006e0074005400540054005400540054005400540054005400540020000b00bf00001100250000000100000f01006e388f74950de5406f388f74950de540000003804d0053007900730043006f006d0070006c006500780054007900700065005f0054006500780074004800480048004800480048004800480048004800480020000b00bf00001100230000000100000f01006e388f74950de5406f388f74950de540000003804d005300,251658241,,,1
,,,16/05/2018 16:05:29,16/05/2018 16:05:29,0,,-2147483648,,,,,650038356a006a006a006a006a006a006a006a006a006a00680020000b00ff000011006c0000000100000f0100a1ec8f74950de540a1439074950de540000000004500760065006e0074004d0065007400610049006e0066006f0038353c003c003c003c003c003c003c003c003c003c003a0020000b00ff00001100680000000100000f0100a1ec8f74950de540a1439074950de540000000004500760065006e00740043006c00690065006e007400730038353a003a003a003a003a003a003a003a003a003a00380020000b00ff00001100640000000100000f0100a1ec8f74950de540a2ec8f74950de5400000000053006500720076006500720054006100720067006500740038353a003a003a003a003a003a003a003a003a003a00380020000b00ff00001100300000000100000f01006c8f8f74950de540a2ec8f74950de540000000004d0061007300740065007200460069006c00650038353600360036003600360036003600360036003600340020000b00ff000011002d0000000100000f01006c8f8f74950de5406c8f8f74950de540000000005300750062006300610063006800650038353200320032003200320032003200320032003200300020000b00ff000011002a0000000100000f01006c8f8f74950de5406d8f8f74950de5400000000043006100630068006500500072006f0070006500,760065006e00740043006c00690065006e007400730038353a003a003a003a003a003a003a003a003a003a00380020000b00ff00001100640000000100000f0100a1ec8f74950de540a2ec8f74950de5400000000053006500720076006500720054006100720067006500740038353a003a003a003a003a003a003a003a003a003a00380020000b00ff00001100300000000100000f01006c8f8f74950de540a2ec8f74950de540000000004d0061007300740065007200460069006c00650038353600360036003600360036003600360036003600340020000b00ff000011002d0000000100000f01006c8f8f74950de5406c8f8f74950de540000000005300750062006300610063006800650038353200320032003200320032003200320032003200300020000b00ff000011002a0000000100000f01006c8f8f74950de5406d8f8f74950de5400000000043006100630068006500500072006f007000650072007400690065007300383540004000400040004000400040004000400040003e0020000b00ff00001100270000000100000f01006e388f74950de5406e388f74950de540000003804d0053007900730043006f006d0070006c006500780054007900700065005f004100740074006100630068006d0065006e0074005400540054005400540054005400540054005400540020000b00bf00001100,251658243,,,8
,,,16/05/2018 16:05:29,16/05/2018 16:05:29,0,,-2147483647,,,,,740038356a006a006a006a006a006a006a006a006a006a00680020000b00ff00001100000000800300000f0800a1ec8f74950de540a1ec8f74950de5400000000046004b005f004500760065006e0074004d0065007400610049006e0066006f005f004500760065006e00740043006c00690065006e00740073005f0053006f00750072006300650038356a006a006a006a006a006a006a006a006a006a00680020000b00ff000011006c0000000100000f0100a1ec8f74950de540a1439074950de540000000004500760065006e0074004d0065007400610049006e0066006f0038353c003c003c003c003c003c003c003c003c003c003a0020000b00ff00001100680000000100000f0100a1ec8f74950de540a1439074950de540000000004500760065006e00740043006c00690065006e007400730038353a003a003a003a003a003a003a003a003a003a00380020000b00ff00001100640000000100000f0100a1ec8f74950de540a2ec8f74950de5400000000053006500720076006500720054006100720067006500740038353a003a003a003a003a003a003a003a003a003a00380020000b00ff00001100300000000100000f01006c8f8f74950de540a2ec8f74950de540000000004d0061007300740065007200460069006c00650038353600360036003600360036003600360036003600340020000b,006a00680020000b00ff000011006c0000000100000f0100a1ec8f74950de540a1439074950de540000000004500760065006e0074004d0065007400610049006e0066006f0038353c003c003c003c003c003c003c003c003c003c003a0020000b00ff00001100680000000100000f0100a1ec8f74950de540a1439074950de540000000004500760065006e00740043006c00690065006e007400730038353a003a003a003a003a003a003a003a003a003a00380020000b00ff00001100640000000100000f0100a1ec8f74950de540a2ec8f74950de5400000000053006500720076006500720054006100720067006500740038353a003a003a003a003a003a003a003a003a003a00380020000b00ff00001100300000000100000f01006c8f8f74950de540a2ec8f74950de540000000004d0061007300740065007200460069006c00650038353600360036003600360036003600360036003600340020000b00ff000011002d0000000100000f01006c8f8f74950de5406c8f8f74950de540000000005300750062006300610063006800650038353200320032003200320032003200320032003200300020000b00ff000011002a0000000100000f01006c8f8f74950de5406d8f8f74950de5400000000043006100630068006500500072006f0070006500720074006900650073003835400040004000400040,251658243,,,8
,,,16/05/2018 16:05:29,16/05/2018 16:05:29,0,,114,,,,,00a1ec8f74950de540a1ec8f74950de5400000000046004b005f004500760065006e0074004d0065007400610049006e0066006f005f004500760065006e00740043006c00690065006e00740073005f0054006100720067006500740038356a006a006a006a006a006a006a006a006a006a00680020000b00ff00001100000000800300000f0800a1ec8f74950de540a1ec8f74950de5400000000046004b005f004500760065006e0074004d0065007400610049006e0066006f005f004500760065006e00740043006c00690065006e00740073005f0053006f00750072006300650038356a006a006a006a006a006a006a006a006a006a00680020000b00ff000011006c0000000100000f0100a1ec8f74950de540a1439074950de540000000004500760065006e0074004d0065007400610049006e0066006f0038353c003c003c003c003c003c003c003c003c003c003a0020000b00ff00001100680000000100000f0100a1ec8f74950de540a1439074950de540000000004500760065006e00740043006c00690065006e007400730038353a003a003a003a003a003a003a003a003a003a00380020000b00ff00001100640000000100000f0100a1ec8f74950de540a2ec8f74950de5400000000053006500720076006500720054006100720067006500740038353a003a003a003a003a003a003a003a003a,46004b005f004500760065006e0074004d0065007400610049006e0066006f005f004500760065006e00740043006c00690065006e00740073005f0053006f00750072006300650038356a006a006a006a006a006a006a006a006a006a00680020000b00ff000011006c0000000100000f0100a1ec8f74950de540a1439074950de540000000004500760065006e0074004d0065007400610049006e0066006f0038353c003c003c003c003c003c003c003c003c003c003a0020000b00ff00001100680000000100000f0100a1ec8f74950de540a1439074950de540000000004500760065006e00740043006c00690065006e007400730038353a003a003a003a003a003a003a003a003a003a00380020000b00ff00001100640000000100000f0100a1ec8f74950de540a2ec8f74950de5400000000053006500720076006500720054006100720067006500740038353a003a003a003a003a003a003a003a003a003a00380020000b00ff00001100300000000100000f01006c8f8f74950de540a2ec8f74950de540000000004d0061007300740065007200460069006c00650038353600360036003600360036003600360036003600340020000b00ff000011002d0000000100000f01006c8f8f74950de5406c8f8f74950de540000000005300750062006300610063006800650038353200320032003200320032,251658241,,,1
,,,16/05/2018 16:05:29,16/05/2018 16:05:29,0,,-2147483646,,,,,6300650038356c006c006c006c006c006c006c006c006c006c006a0020000b00ff00001100720000000100000f0100a0439074950de540a0439074950de540000000004f007500740067006f0069006e0067004500760065006e007400730038353e003e003e003e003e003e003e003e003e003e003c0020000b00ff00001100010000800300000f0800a1ec8f74950de540a1ec8f74950de5400000000046004b005f004500760065006e0074004d0065007400610049006e0066006f005f004500760065006e00740043006c00690065006e00740073005f0054006100720067006500740038356a006a006a006a006a006a006a006a006a006a00680020000b00ff00001100000000800300000f0800a1ec8f74950de540a1ec8f74950de5400000000046004b005f004500760065006e0074004d0065007400610049006e0066006f005f004500760065006e00740043006c00690065006e00740073005f0053006f00750072006300650038356a006a006a006a006a006a006a006a006a006a00680020000b00ff000011006c0000000100000f0100a1ec8f74950de540a1439074950de540000000004500760065006e0074004d0065007400610049006e0066006f0038353c003c003c003c003c003c003c003c003c003c003a0020000b00ff00001100680000000100000f0100a1ec8f74950de540a143907495,000046004b005f004500760065006e0074004d0065007400610049006e0066006f005f004500760065006e00740043006c00690065006e00740073005f0054006100720067006500740038356a006a006a006a006a006a006a006a006a006a00680020000b00ff00001100000000800300000f0800a1ec8f74950de540a1ec8f74950de5400000000046004b005f004500760065006e0074004d0065007400610049006e0066006f005f004500760065006e00740043006c00690065006e00740073005f0053006f00750072006300650038356a006a006a006a006a006a006a006a006a006a00680020000b00ff000011006c0000000100000f0100a1ec8f74950de540a1439074950de540000000004500760065006e0074004d0065007400610049006e0066006f0038353c003c003c003c003c003c003c003c003c003c003a0020000b00ff00001100680000000100000f0100a1ec8f74950de540a1439074950de540000000004500760065006e00740043006c00690065006e007400730038353a003a003a003a003a003a003a003a003a003a00380020000b00ff00001100640000000100000f0100a1ec8f74950de540a2ec8f74950de5400000000053006500720076006500720054006100720067006500740038353a003a003a003a003a003a003a003a003a003a00380020000b00ff000011003000000001,251658243,,,8
,,,16/05/2018 16:05:29,16/05/2018 16:05:29,0,,-2147483645,,,,,6500740038356c006c006c006c006c006c006c006c006c006c006a0020000b00ff00001100020000800300000f0800a0439074950de540a0439074950de5400000000046004b005f004f007500740067006f0069006e0067004500760065006e00740073005f004500760065006e00740043006c00690065006e00740073005f0053006f00750072006300650038356c006c006c006c006c006c006c006c006c006c006a0020000b00ff00001100720000000100000f0100a0439074950de540a0439074950de540000000004f007500740067006f0069006e0067004500760065006e007400730038353e003e003e003e003e003e003e003e003e003e003c0020000b00ff00001100010000800300000f0800a1ec8f74950de540a1ec8f74950de5400000000046004b005f004500760065006e0074004d0065007400610049006e0066006f005f004500760065006e00740043006c00690065006e00740073005f0054006100720067006500740038356a006a006a006a006a006a006a006a006a006a00680020000b00ff00001100000000800300000f0800a1ec8f74950de540a1ec8f74950de5400000000046004b005f004500760065006e0074004d0065007400610049006e0066006f005f004500760065006e00740043006c00690065006e00740073005f0053006f00750072006300650038356a006a006a00,006c006c006c006a0020000b00ff00001100720000000100000f0100a0439074950de540a0439074950de540000000004f007500740067006f0069006e0067004500760065006e007400730038353e003e003e003e003e003e003e003e003e003e003c0020000b00ff00001100010000800300000f0800a1ec8f74950de540a1ec8f74950de5400000000046004b005f004500760065006e0074004d0065007400610049006e0066006f005f004500760065006e00740043006c00690065006e00740073005f0054006100720067006500740038356a006a006a006a006a006a006a006a006a006a00680020000b00ff00001100000000800300000f0800a1ec8f74950de540a1ec8f74950de5400000000046004b005f004500760065006e0074004d0065007400610049006e0066006f005f004500760065006e00740043006c00690065006e00740073005f0053006f00750072006300650038356a006a006a006a006a006a006a006a006a006a00680020000b00ff000011006c0000000100000f0100a1ec8f74950de540a1439074950de540000000004500760065006e0074004d0065007400610049006e0066006f0038353c003c003c003c003c003c003c003c003c003c003a0020000b00ff00001100680000000100000f0100a1ec8f74950de540a1439074950de540000000004500760065006e0074004300,251658243,,,8
,,,16/05/2018 16:05:29,16/05/2018 16:05:29,0,,120,,,,,00a0439074950de540a0439074950de5400000000046004b005f004f007500740067006f0069006e0067004500760065006e00740073005f004500760065006e00740043006c00690065006e00740073005f0054006100720067006500740038356c006c006c006c006c006c006c006c006c006c006a0020000b00ff00001100020000800300000f0800a0439074950de540a0439074950de5400000000046004b005f004f007500740067006f0069006e0067004500760065006e00740073005f004500760065006e00740043006c00690065006e00740073005f0053006f00750072006300650038356c006c006c006c006c006c006c006c006c006c006a0020000b00ff00001100720000000100000f0100a0439074950de540a0439074950de540000000004f007500740067006f0069006e0067004500760065006e007400730038353e003e003e003e003e003e003e003e003e003e003c0020000b00ff00001100010000800300000f0800a1ec8f74950de540a1ec8f74950de5400000000046004b005f004500760065006e0074004d0065007400610049006e0066006f005f004500760065006e00740043006c00690065006e00740073005f0054006100720067006500740038356a006a006a006a006a006a006a006a006a006a00680020000b00ff00001100000000800300000f0800a1ec8f74950de540a1,000046004b005f004f007500740067006f0069006e0067004500760065006e00740073005f004500760065006e00740043006c00690065006e00740073005f0053006f00750072006300650038356c006c006c006c006c006c006c006c006c006c006a0020000b00ff00001100720000000100000f0100a0439074950de540a0439074950de540000000004f007500740067006f0069006e0067004500760065006e007400730038353e003e003e003e003e003e003e003e003e003e003c0020000b00ff00001100010000800300000f0800a1ec8f74950de540a1ec8f74950de5400000000046004b005f004500760065006e0074004d0065007400610049006e0066006f005f004500760065006e00740043006c00690065006e00740073005f0054006100720067006500740038356a006a006a006a006a006a006a006a006a006a00680020000b00ff00001100000000800300000f0800a1ec8f74950de540a1ec8f74950de5400000000046004b005f004500760065006e0074004d0065007400610049006e0066006f005f004500760065006e00740043006c00690065006e00740073005f0053006f00750072006300650038356a006a006a006a006a006a006a006a006a006a00680020000b00ff000011006c0000000100000f0100a1ec8f74950de540a1439074950de540000000004500760065006e007400,251658241,,,1
,,,16/05/2018 16:05:29,16/05/2018 16:05:29,0,,-2147483644,,,,,6300650038356c006c006c006c006c006c006c006c006c006c006a0020000b00ff00001100780000000100000f0100a0439074950de540a1439074950de5400000000049006e0063006f006d0069006e0067004500760065006e007400730038353e003e003e003e003e003e003e003e003e003e003c0020000b00ff00001100030000800300000f0800a0439074950de540a0439074950de5400000000046004b005f004f007500740067006f0069006e0067004500760065006e00740073005f004500760065006e00740043006c00690065006e00740073005f0054006100720067006500740038356c006c006c006c006c006c006c006c006c006c006a0020000b00ff00001100020000800300000f0800a0439074950de540a0439074950de5400000000046004b005f004f007500740067006f0069006e0067004500760065006e00740073005f004500760065006e00740043006c00690065006e00740073005f0053006f00750072006300650038356c006c006c006c006c006c006c006c006c006c006a0020000b00ff00001100720000000100000f0100a0439074950de540a0439074950de540000000004f007500740067006f0069006e0067004500760065006e007400730038353e003e003e003e003e003e003e003e003e003e003c0020000b00ff00001100010000800300000f0800a1ec8f74950de5,000046004b005f004f007500740067006f0069006e0067004500760065006e00740073005f004500760065006e00740043006c00690065006e00740073005f0054006100720067006500740038356c006c006c006c006c006c006c006c006c006c006a0020000b00ff00001100020000800300000f0800a0439074950de540a0439074950de5400000000046004b005f004f007500740067006f0069006e0067004500760065006e00740073005f004500760065006e00740043006c00690065006e00740073005f0053006f00750072006300650038356c006c006c006c006c006c006c006c006c006c006a0020000b00ff00001100720000000100000f0100a0439074950de540a0439074950de540000000004f007500740067006f0069006e0067004500760065006e007400730038353e003e003e003e003e003e003e003e003e003e003c0020000b00ff00001100010000800300000f0800a1ec8f74950de540a1ec8f74950de5400000000046004b005f004500760065006e0074004d0065007400610049006e0066006f005f004500760065006e00740043006c00690065006e00740073005f0054006100720067006500740038356a006a006a006a006a006a006a006a006a006a00680020000b00ff00001100000000800300000f0800a1ec8f74950de540a1ec8f74950de5400000000046004b005f004500,251658243,,,8
,,,16/05/2018 16:05:29,16/05/2018 16:05:29,0,,-2147483643,,,,,6500740038356c006c006c006c006c006c006c006c006c006c006a0020000b00ff00001100040000800300000f0800a0439074950de540a0439074950de5400000000046004b005f0049006e0063006f006d0069006e0067004500760065006e00740073005f004500760065006e00740043006c00690065006e00740073005f0053006f00750072006300650038356c006c006c006c006c006c006c006c006c006c006a0020000b00ff00001100780000000100000f0100a0439074950de540a1439074950de5400000000049006e0063006f006d0069006e0067004500760065006e007400730038353e003e003e003e003e003e003e003e003e003e003c0020000b00ff00001100030000800300000f0800a0439074950de540a0439074950de5400000000046004b005f004f007500740067006f0069006e0067004500760065006e00740073005f004500760065006e00740043006c00690065006e00740073005f0054006100720067006500740038356c006c006c006c006c006c006c006c006c006c006a0020000b00ff00001100020000800300000f0800a0439074950de540a0439074950de5400000000046004b005f004f007500740067006f0069006e0067004500760065006e00740073005f004500760065006e00740043006c00690065006e00740073005f0053006f00750072006300650038356c00,006c006c006c006a0020000b00ff00001100780000000100000f0100a0439074950de540a1439074950de5400000000049006e0063006f006d0069006e0067004500760065006e007400730038353e003e003e003e003e003e003e003e003e003e003c0020000b00ff00001100030000800300000f0800a0439074950de540a0439074950de5400000000046004b005f004f007500740067006f0069006e0067004500760065006e00740073005f004500760065006e00740043006c00690065006e00740073005f0054006100720067006500740038356c006c006c006c006c006c006c006c006c006c006a0020000b00ff00001100020000800300000f0800a0439074950de540a0439074950de5400000000046004b005f004f007500740067006f0069006e0067004500760065006e00740073005f004500760065006e00740043006c00690065006e00740073005f0053006f00750072006300650038356c006c006c006c006c006c006c006c006c006c006a0020000b00ff00001100720000000100000f0100a0439074950de540a0439074950de540000000004f007500740067006f0069006e0067004500760065006e007400730038353e003e003e003e003e003e003e003e003e003e003c0020000b00ff00001100010000800300000f0800a1ec8f74950de540a1ec8f74950de5400000000046004b005f00,251658243,,,8
